IMG/center_2017_08_30_14_12_59_613.jpg,IMG/left_2017_08_30_14_12_59_613.jpg,IMG/right_2017_08_30_14_12_59_613.jpg,0,0,0,7.058634E-06
IMG/center_2017_08_30_14_12_59_697.jpg,IMG/left_2017_08_30_14_12_59_697.jpg,IMG/right_2017_08_30_14_12_59_697.jpg,0,0,0,3.573233E-06
IMG/center_2017_08_30_14_12_59_776.jpg,IMG/left_2017_08_30_14_12_59_776.jpg,IMG/right_2017_08_30_14_12_59_776.jpg,0,0,0,4.146078E-07
IMG/center_2017_08_30_14_12_59_868.jpg,IMG/left_2017_08_30_14_12_59_868.jpg,IMG/right_2017_08_30_14_12_59_868.jpg,0,0,0,1.106249E-06
IMG/center_2017_08_30_14_12_59_965.jpg,IMG/left_2017_08_30_14_12_59_965.jpg,IMG/right_2017_08_30_14_12_59_965.jpg,0,0,0,4.270417E-07
IMG/center_2017_08_30_14_13_00_039.jpg,IMG/left_2017_08_30_14_13_00_039.jpg,IMG/right_2017_08_30_14_13_00_039.jpg,0,0,0,1.076513E-05
IMG/center_2017_08_30_14_13_00_110.jpg,IMG/left_2017_08_30_14_13_00_110.jpg,IMG/right_2017_08_30_14_13_00_110.jpg,0,0,0,6.783944E-06
IMG/center_2017_08_30_14_13_00_185.jpg,IMG/left_2017_08_30_14_13_00_185.jpg,IMG/right_2017_08_30_14_13_00_185.jpg,0,0,0,9.610826E-07
IMG/center_2017_08_30_14_13_00_264.jpg,IMG/left_2017_08_30_14_13_00_264.jpg,IMG/right_2017_08_30_14_13_00_264.jpg,0,0,0,6.684351E-06
IMG/center_2017_08_30_14_13_00_337.jpg,IMG/left_2017_08_30_14_13_00_337.jpg,IMG/right_2017_08_30_14_13_00_337.jpg,0,0,0,5.813453E-06
IMG/center_2017_08_30_14_13_00_403.jpg,IMG/left_2017_08_30_14_13_00_403.jpg,IMG/right_2017_08_30_14_13_00_403.jpg,0,0,0,4.30566E-06
IMG/center_2017_08_30_14_13_00_475.jpg,IMG/left_2017_08_30_14_13_00_475.jpg,IMG/right_2017_08_30_14_13_00_475.jpg,0,0,0,1.340805E-05
IMG/center_2017_08_30_14_13_00_546.jpg,IMG/left_2017_08_30_14_13_00_546.jpg,IMG/right_2017_08_30_14_13_00_546.jpg,0,0,0,6.064291E-06
IMG/center_2017_08_30_14_13_00_619.jpg,IMG/left_2017_08_30_14_13_00_619.jpg,IMG/right_2017_08_30_14_13_00_619.jpg,0,0,0,3.654224E-07
IMG/center_2017_08_30_14_13_00_693.jpg,IMG/left_2017_08_30_14_13_00_693.jpg,IMG/right_2017_08_30_14_13_00_693.jpg,0,0,0,2.644854E-06
IMG/center_2017_08_30_14_13_00_762.jpg,IMG/left_2017_08_30_14_13_00_762.jpg,IMG/right_2017_08_30_14_13_00_762.jpg,0,0,0,1.564342E-06
IMG/center_2017_08_30_14_13_00_838.jpg,IMG/left_2017_08_30_14_13_00_838.jpg,IMG/right_2017_08_30_14_13_00_838.jpg,0,0,0,1.231733E-06
IMG/center_2017_08_30_14_13_00_910.jpg,IMG/left_2017_08_30_14_13_00_910.jpg,IMG/right_2017_08_30_14_13_00_910.jpg,0,0,0,1.011133E-05
IMG/center_2017_08_30_14_13_00_988.jpg,IMG/left_2017_08_30_14_13_00_988.jpg,IMG/right_2017_08_30_14_13_00_988.jpg,0,0.234057,0,0.1682043
IMG/center_2017_08_30_14_13_01_078.jpg,IMG/left_2017_08_30_14_13_01_078.jpg,IMG/right_2017_08_30_14_13_01_078.jpg,-0.2,0.4555229,0,0.5048189
IMG/center_2017_08_30_14_13_01_178.jpg,IMG/left_2017_08_30_14_13_01_178.jpg,IMG/right_2017_08_30_14_13_01_178.jpg,-0.45,0.14909,0,0.7997943
IMG/center_2017_08_30_14_13_01_247.jpg,IMG/left_2017_08_30_14_13_01_247.jpg,IMG/right_2017_08_30_14_13_01_247.jpg,-0.3254282,0,0,0.8460145
IMG/center_2017_08_30_14_13_01_303.jpg,IMG/left_2017_08_30_14_13_01_303.jpg,IMG/right_2017_08_30_14_13_01_303.jpg,-0.1103869,0,0,0.8410934
IMG/center_2017_08_30_14_13_01_371.jpg,IMG/left_2017_08_30_14_13_01_371.jpg,IMG/right_2017_08_30_14_13_01_371.jpg,0,0,0,0.8340633
IMG/center_2017_08_30_14_13_01_465.jpg,IMG/left_2017_08_30_14_13_01_465.jpg,IMG/right_2017_08_30_14_13_01_465.jpg,0,0,0,0.8273678
IMG/center_2017_08_30_14_13_01_563.jpg,IMG/left_2017_08_30_14_13_01_563.jpg,IMG/right_2017_08_30_14_13_01_563.jpg,-0.25,0,0,0.8172673
IMG/center_2017_08_30_14_13_01_631.jpg,IMG/left_2017_08_30_14_13_01_631.jpg,IMG/right_2017_08_30_14_13_01_631.jpg,-0.45,0,0,0.80737
IMG/center_2017_08_30_14_13_01_702.jpg,IMG/left_2017_08_30_14_13_01_702.jpg,IMG/right_2017_08_30_14_13_01_702.jpg,-0.2864893,0,0,0.8033644
IMG/center_2017_08_30_14_13_01_792.jpg,IMG/left_2017_08_30_14_13_01_792.jpg,IMG/right_2017_08_30_14_13_01_792.jpg,-0.341967,0,0,0.7942699
IMG/center_2017_08_30_14_13_01_880.jpg,IMG/left_2017_08_30_14_13_01_880.jpg,IMG/right_2017_08_30_14_13_01_880.jpg,-0.541967,0,0,0.7838708
IMG/center_2017_08_30_14_13_01_991.jpg,IMG/left_2017_08_30_14_13_01_991.jpg,IMG/right_2017_08_30_14_13_01_991.jpg,-0.7303418,0.1974082,0,0.8938639
IMG/center_2017_08_30_14_13_02_063.jpg,IMG/left_2017_08_30_14_13_02_063.jpg,IMG/right_2017_08_30_14_13_02_063.jpg,-0.5270039,0.400746,0,1.122126
IMG/center_2017_08_30_14_13_02_127.jpg,IMG/left_2017_08_30_14_13_02_127.jpg,IMG/right_2017_08_30_14_13_02_127.jpg,-0.3263591,0.2001011,0,1.379363
IMG/center_2017_08_30_14_13_02_220.jpg,IMG/left_2017_08_30_14_13_02_220.jpg,IMG/right_2017_08_30_14_13_02_220.jpg,-0.04286687,0,0,1.403439
IMG/center_2017_08_30_14_13_02_287.jpg,IMG/left_2017_08_30_14_13_02_287.jpg,IMG/right_2017_08_30_14_13_02_287.jpg,0,0.1026131,0,1.453414
IMG/center_2017_08_30_14_13_02_381.jpg,IMG/left_2017_08_30_14_13_02_381.jpg,IMG/right_2017_08_30_14_13_02_381.jpg,0,0.3797978,0,1.651122
IMG/center_2017_08_30_14_13_02_468.jpg,IMG/left_2017_08_30_14_13_02_468.jpg,IMG/right_2017_08_30_14_13_02_468.jpg,0,0.6498215,0,2.36465
IMG/center_2017_08_30_14_13_02_523.jpg,IMG/left_2017_08_30_14_13_02_523.jpg,IMG/right_2017_08_30_14_13_02_523.jpg,0,0.8534681,0,2.944174
IMG/center_2017_08_30_14_13_02_591.jpg,IMG/left_2017_08_30_14_13_02_591.jpg,IMG/right_2017_08_30_14_13_02_591.jpg,0,1,0,3.85513
IMG/center_2017_08_30_14_13_02_658.jpg,IMG/left_2017_08_30_14_13_02_658.jpg,IMG/right_2017_08_30_14_13_02_658.jpg,0,1,0,4.557002
IMG/center_2017_08_30_14_13_02_738.jpg,IMG/left_2017_08_30_14_13_02_738.jpg,IMG/right_2017_08_30_14_13_02_738.jpg,0,1,0,5.486111
IMG/center_2017_08_30_14_13_02_805.jpg,IMG/left_2017_08_30_14_13_02_805.jpg,IMG/right_2017_08_30_14_13_02_805.jpg,0,0.9066795,0,6.161297
IMG/center_2017_08_30_14_13_02_872.jpg,IMG/left_2017_08_30_14_13_02_872.jpg,IMG/right_2017_08_30_14_13_02_872.jpg,-0.2,0.7065471,0,6.850417
IMG/center_2017_08_30_14_13_02_964.jpg,IMG/left_2017_08_30_14_13_02_964.jpg,IMG/right_2017_08_30_14_13_02_964.jpg,-0.4,0.4310379,0,7.284726
IMG/center_2017_08_30_14_13_03_058.jpg,IMG/left_2017_08_30_14_13_03_058.jpg,IMG/right_2017_08_30_14_13_03_058.jpg,-0.1916546,0.1470508,0,7.541197
IMG/center_2017_08_30_14_13_03_148.jpg,IMG/left_2017_08_30_14_13_03_148.jpg,IMG/right_2017_08_30_14_13_03_148.jpg,-0.06980727,0,0,7.499042
IMG/center_2017_08_30_14_13_03_242.jpg,IMG/left_2017_08_30_14_13_03_242.jpg,IMG/right_2017_08_30_14_13_03_242.jpg,-0.3198073,0,0,7.408539
IMG/center_2017_08_30_14_13_03_341.jpg,IMG/left_2017_08_30_14_13_03_341.jpg,IMG/right_2017_08_30_14_13_03_341.jpg,-0.3163937,0,0,7.3136
IMG/center_2017_08_30_14_13_03_443.jpg,IMG/left_2017_08_30_14_13_03_443.jpg,IMG/right_2017_08_30_14_13_03_443.jpg,-0.01250903,0,0,7.236231
IMG/center_2017_08_30_14_13_03_526.jpg,IMG/left_2017_08_30_14_13_03_526.jpg,IMG/right_2017_08_30_14_13_03_526.jpg,0,0.2507188,0,7.345137
IMG/center_2017_08_30_14_13_03_617.jpg,IMG/left_2017_08_30_14_13_03_617.jpg,IMG/right_2017_08_30_14_13_03_617.jpg,-0.15,0.5220844,0,7.773248
IMG/center_2017_08_30_14_13_03_695.jpg,IMG/left_2017_08_30_14_13_03_695.jpg,IMG/right_2017_08_30_14_13_03_695.jpg,-0.35,0.2874127,0,8.030787
IMG/center_2017_08_30_14_13_03_765.jpg,IMG/left_2017_08_30_14_13_03_765.jpg,IMG/right_2017_08_30_14_13_03_765.jpg,-0.5000001,0.07446617,0,8.068911
IMG/center_2017_08_30_14_13_03_857.jpg,IMG/left_2017_08_30_14_13_03_857.jpg,IMG/right_2017_08_30_14_13_03_857.jpg,-0.5606326,0,0,7.94457
IMG/center_2017_08_30_14_13_03_948.jpg,IMG/left_2017_08_30_14_13_03_948.jpg,IMG/right_2017_08_30_14_13_03_948.jpg,-0.6218851,0,0,7.872608
IMG/center_2017_08_30_14_13_04_048.jpg,IMG/left_2017_08_30_14_13_04_048.jpg,IMG/right_2017_08_30_14_13_04_048.jpg,-0.8718851,0.1011929,0,7.73542
IMG/center_2017_08_30_14_13_04_118.jpg,IMG/left_2017_08_30_14_13_04_118.jpg,IMG/right_2017_08_30_14_13_04_118.jpg,-0.7514328,0.3089296,0,7.888519
IMG/center_2017_08_30_14_13_04_213.jpg,IMG/left_2017_08_30_14_13_04_213.jpg,IMG/right_2017_08_30_14_13_04_213.jpg,-0.4647592,0.4069697,0,8.342895
IMG/center_2017_08_30_14_13_04_308.jpg,IMG/left_2017_08_30_14_13_04_308.jpg,IMG/right_2017_08_30_14_13_04_308.jpg,-0.179938,0.1221485,0,8.508722
IMG/center_2017_08_30_14_13_04_400.jpg,IMG/left_2017_08_30_14_13_04_400.jpg,IMG/right_2017_08_30_14_13_04_400.jpg,0,0,0,8.430439
IMG/center_2017_08_30_14_13_04_491.jpg,IMG/left_2017_08_30_14_13_04_491.jpg,IMG/right_2017_08_30_14_13_04_491.jpg,0,0.2697445,0,8.542806
IMG/center_2017_08_30_14_13_04_580.jpg,IMG/left_2017_08_30_14_13_04_580.jpg,IMG/right_2017_08_30_14_13_04_580.jpg,0,0.0005050618,0,8.582322
IMG/center_2017_08_30_14_13_04_671.jpg,IMG/left_2017_08_30_14_13_04_671.jpg,IMG/right_2017_08_30_14_13_04_671.jpg,0,0.08936495,0,8.533168
IMG/center_2017_08_30_14_13_04_759.jpg,IMG/left_2017_08_30_14_13_04_759.jpg,IMG/right_2017_08_30_14_13_04_759.jpg,0,0.3549456,0,8.705044
IMG/center_2017_08_30_14_13_04_848.jpg,IMG/left_2017_08_30_14_13_04_848.jpg,IMG/right_2017_08_30_14_13_04_848.jpg,0,0.6219944,0,9.130738
IMG/center_2017_08_30_14_13_04_939.jpg,IMG/left_2017_08_30_14_13_04_939.jpg,IMG/right_2017_08_30_14_13_04_939.jpg,-0.15,0.7077613,0,9.906428
IMG/center_2017_08_30_14_13_05_028.jpg,IMG/left_2017_08_30_14_13_05_028.jpg,IMG/right_2017_08_30_14_13_05_028.jpg,-0.35,0.4398914,0,10.33001
IMG/center_2017_08_30_14_13_05_120.jpg,IMG/left_2017_08_30_14_13_05_120.jpg,IMG/right_2017_08_30_14_13_05_120.jpg,-0.3556331,0.1638919,0,10.52272
IMG/center_2017_08_30_14_13_05_195.jpg,IMG/left_2017_08_30_14_13_05_195.jpg,IMG/right_2017_08_30_14_13_05_195.jpg,-0.1317203,0,0,10.48011
IMG/center_2017_08_30_14_13_05_272.jpg,IMG/left_2017_08_30_14_13_05_272.jpg,IMG/right_2017_08_30_14_13_05_272.jpg,0,0.1168114,0,10.43232
IMG/center_2017_08_30_14_13_05_351.jpg,IMG/left_2017_08_30_14_13_05_351.jpg,IMG/right_2017_08_30_14_13_05_351.jpg,0,0.3534499,0,10.61305
IMG/center_2017_08_30_14_13_05_445.jpg,IMG/left_2017_08_30_14_13_05_445.jpg,IMG/right_2017_08_30_14_13_05_445.jpg,0,0.635954,0,11.03219
IMG/center_2017_08_30_14_13_05_536.jpg,IMG/left_2017_08_30_14_13_05_536.jpg,IMG/right_2017_08_30_14_13_05_536.jpg,0,0.5517252,0,11.91448
IMG/center_2017_08_30_14_13_05_624.jpg,IMG/left_2017_08_30_14_13_05_624.jpg,IMG/right_2017_08_30_14_13_05_624.jpg,0,0.8192459,0,11.93262
IMG/center_2017_08_30_14_13_05_714.jpg,IMG/left_2017_08_30_14_13_05_714.jpg,IMG/right_2017_08_30_14_13_05_714.jpg,0,1,0,13.2316
IMG/center_2017_08_30_14_13_05_810.jpg,IMG/left_2017_08_30_14_13_05_810.jpg,IMG/right_2017_08_30_14_13_05_810.jpg,0,1,0,14.37679
IMG/center_2017_08_30_14_13_05_900.jpg,IMG/left_2017_08_30_14_13_05_900.jpg,IMG/right_2017_08_30_14_13_05_900.jpg,-0.05,1,0,15.28407
IMG/center_2017_08_30_14_13_05_992.jpg,IMG/left_2017_08_30_14_13_05_992.jpg,IMG/right_2017_08_30_14_13_05_992.jpg,-0.3,0.7259682,0,15.95256
IMG/center_2017_08_30_14_13_06_083.jpg,IMG/left_2017_08_30_14_13_06_083.jpg,IMG/right_2017_08_30_14_13_06_083.jpg,-0.2741176,0.4521907,0,16.32383
IMG/center_2017_08_30_14_13_06_152.jpg,IMG/left_2017_08_30_14_13_06_152.jpg,IMG/right_2017_08_30_14_13_06_152.jpg,-0.06947289,0.247546,0,16.4842
IMG/center_2017_08_30_14_13_06_220.jpg,IMG/left_2017_08_30_14_13_06_220.jpg,IMG/right_2017_08_30_14_13_06_220.jpg,0,0.4547067,0,16.87476
IMG/center_2017_08_30_14_13_06_312.jpg,IMG/left_2017_08_30_14_13_06_312.jpg,IMG/right_2017_08_30_14_13_06_312.jpg,0,0.7273856,0,17.2509
IMG/center_2017_08_30_14_13_06_381.jpg,IMG/left_2017_08_30_14_13_06_381.jpg,IMG/right_2017_08_30_14_13_06_381.jpg,0,0.5189798,0,17.80721
IMG/center_2017_08_30_14_13_06_461.jpg,IMG/left_2017_08_30_14_13_06_461.jpg,IMG/right_2017_08_30_14_13_06_461.jpg,0,0.2805139,0,18.03582
IMG/center_2017_08_30_14_13_06_542.jpg,IMG/left_2017_08_30_14_13_06_542.jpg,IMG/right_2017_08_30_14_13_06_542.jpg,0,0.5248773,0,18.32038
IMG/center_2017_08_30_14_13_06_620.jpg,IMG/left_2017_08_30_14_13_06_620.jpg,IMG/right_2017_08_30_14_13_06_620.jpg,0,0.7585084,0,18.80084
IMG/center_2017_08_30_14_13_06_692.jpg,IMG/left_2017_08_30_14_13_06_692.jpg,IMG/right_2017_08_30_14_13_06_692.jpg,-0.2,0.5438173,0,19.23495
IMG/center_2017_08_30_14_13_06_769.jpg,IMG/left_2017_08_30_14_13_06_769.jpg,IMG/right_2017_08_30_14_13_06_769.jpg,-0.35,0.3133214,0,19.06813
IMG/center_2017_08_30_14_13_06_846.jpg,IMG/left_2017_08_30_14_13_06_846.jpg,IMG/right_2017_08_30_14_13_06_846.jpg,-0.4414232,0.08112887,0,18.95983
IMG/center_2017_08_30_14_13_06_923.jpg,IMG/left_2017_08_30_14_13_06_923.jpg,IMG/right_2017_08_30_14_13_06_923.jpg,-0.210649,0,0,18.78705
IMG/center_2017_08_30_14_13_07_002.jpg,IMG/left_2017_08_30_14_13_07_002.jpg,IMG/right_2017_08_30_14_13_07_002.jpg,-0.1967701,0,0,18.61966
IMG/center_2017_08_30_14_13_07_081.jpg,IMG/left_2017_08_30_14_13_07_081.jpg,IMG/right_2017_08_30_14_13_07_081.jpg,-0.3967701,0,0,18.4413
IMG/center_2017_08_30_14_13_07_156.jpg,IMG/left_2017_08_30_14_13_07_156.jpg,IMG/right_2017_08_30_14_13_07_156.jpg,-0.458802,0,0,18.21889
IMG/center_2017_08_30_14_13_07_234.jpg,IMG/left_2017_08_30_14_13_07_234.jpg,IMG/right_2017_08_30_14_13_07_234.jpg,-0.2241432,0,0,18.06416
IMG/center_2017_08_30_14_13_07_330.jpg,IMG/left_2017_08_30_14_13_07_330.jpg,IMG/right_2017_08_30_14_13_07_330.jpg,0,0.09570286,0,18.37811
IMG/center_2017_08_30_14_13_07_424.jpg,IMG/left_2017_08_30_14_13_07_424.jpg,IMG/right_2017_08_30_14_13_07_424.jpg,0,0.3781748,0,18.43749
IMG/center_2017_08_30_14_13_07_514.jpg,IMG/left_2017_08_30_14_13_07_514.jpg,IMG/right_2017_08_30_14_13_07_514.jpg,0,0.4713322,0,18.46881
IMG/center_2017_08_30_14_13_07_606.jpg,IMG/left_2017_08_30_14_13_07_606.jpg,IMG/right_2017_08_30_14_13_07_606.jpg,0,0.3770707,0,18.62885
IMG/center_2017_08_30_14_13_07_710.jpg,IMG/left_2017_08_30_14_13_07_710.jpg,IMG/right_2017_08_30_14_13_07_710.jpg,0,0.684358,0,19.30737
IMG/center_2017_08_30_14_13_07_786.jpg,IMG/left_2017_08_30_14_13_07_786.jpg,IMG/right_2017_08_30_14_13_07_786.jpg,0,0.9115996,0,19.99329
IMG/center_2017_08_30_14_13_07_852.jpg,IMG/left_2017_08_30_14_13_07_852.jpg,IMG/right_2017_08_30_14_13_07_852.jpg,0,1,0,20.76443
IMG/center_2017_08_30_14_13_07_943.jpg,IMG/left_2017_08_30_14_13_07_943.jpg,IMG/right_2017_08_30_14_13_07_943.jpg,-0.15,0.7248262,0,21.41169
IMG/center_2017_08_30_14_13_08_031.jpg,IMG/left_2017_08_30_14_13_08_031.jpg,IMG/right_2017_08_30_14_13_08_031.jpg,-0.4,0.4616224,0,21.7215
IMG/center_2017_08_30_14_13_08_133.jpg,IMG/left_2017_08_30_14_13_08_133.jpg,IMG/right_2017_08_30_14_13_08_133.jpg,-0.3087582,0.1582548,0,21.8504
IMG/center_2017_08_30_14_13_08_232.jpg,IMG/left_2017_08_30_14_13_08_232.jpg,IMG/right_2017_08_30_14_13_08_232.jpg,-0.01064464,0.4563683,0,21.96392
IMG/center_2017_08_30_14_13_08_299.jpg,IMG/left_2017_08_30_14_13_08_299.jpg,IMG/right_2017_08_30_14_13_08_299.jpg,0,0.2542525,0,22.15485
IMG/center_2017_08_30_14_13_08_399.jpg,IMG/left_2017_08_30_14_13_08_399.jpg,IMG/right_2017_08_30_14_13_08_399.jpg,0,0,0,21.93357
IMG/center_2017_08_30_14_13_08_466.jpg,IMG/left_2017_08_30_14_13_08_466.jpg,IMG/right_2017_08_30_14_13_08_466.jpg,0,0,0,21.93545
IMG/center_2017_08_30_14_13_08_560.jpg,IMG/left_2017_08_30_14_13_08_560.jpg,IMG/right_2017_08_30_14_13_08_560.jpg,0,0.2816084,0,21.73071
IMG/center_2017_08_30_14_13_08_630.jpg,IMG/left_2017_08_30_14_13_08_630.jpg,IMG/right_2017_08_30_14_13_08_630.jpg,0,0.4894299,0,21.98918
IMG/center_2017_08_30_14_13_08_721.jpg,IMG/left_2017_08_30_14_13_08_721.jpg,IMG/right_2017_08_30_14_13_08_721.jpg,0,0.7658248,0,22.43459
IMG/center_2017_08_30_14_13_08_812.jpg,IMG/left_2017_08_30_14_13_08_812.jpg,IMG/right_2017_08_30_14_13_08_812.jpg,0,1,0,23.36139
IMG/center_2017_08_30_14_13_08_899.jpg,IMG/left_2017_08_30_14_13_08_899.jpg,IMG/right_2017_08_30_14_13_08_899.jpg,0,0.9140238,0,24.13317
IMG/center_2017_08_30_14_13_08_988.jpg,IMG/left_2017_08_30_14_13_08_988.jpg,IMG/right_2017_08_30_14_13_08_988.jpg,-0.2,0.6459133,0,24.67576
IMG/center_2017_08_30_14_13_09_077.jpg,IMG/left_2017_08_30_14_13_09_077.jpg,IMG/right_2017_08_30_14_13_09_077.jpg,-0.3546434,0.3826505,0,24.92888
IMG/center_2017_08_30_14_13_09_163.jpg,IMG/left_2017_08_30_14_13_09_163.jpg,IMG/right_2017_08_30_14_13_09_163.jpg,-0.09414815,0.1221552,0,24.97715
IMG/center_2017_08_30_14_13_09_251.jpg,IMG/left_2017_08_30_14_13_09_251.jpg,IMG/right_2017_08_30_14_13_09_251.jpg,0,0,0,24.74479
IMG/center_2017_08_30_14_13_09_340.jpg,IMG/left_2017_08_30_14_13_09_340.jpg,IMG/right_2017_08_30_14_13_09_340.jpg,0,0,0,24.54292
IMG/center_2017_08_30_14_13_09_415.jpg,IMG/left_2017_08_30_14_13_09_415.jpg,IMG/right_2017_08_30_14_13_09_415.jpg,0,0.1141885,0,24.39004
IMG/center_2017_08_30_14_13_09_485.jpg,IMG/left_2017_08_30_14_13_09_485.jpg,IMG/right_2017_08_30_14_13_09_485.jpg,0,0.3273535,0,24.3718
IMG/center_2017_08_30_14_13_09_559.jpg,IMG/left_2017_08_30_14_13_09_559.jpg,IMG/right_2017_08_30_14_13_09_559.jpg,0,0.3211833,0,24.55115
IMG/center_2017_08_30_14_13_09_629.jpg,IMG/left_2017_08_30_14_13_09_629.jpg,IMG/right_2017_08_30_14_13_09_629.jpg,0,0.1096524,0,24.59735
IMG/center_2017_08_30_14_13_09_714.jpg,IMG/left_2017_08_30_14_13_09_714.jpg,IMG/right_2017_08_30_14_13_09_714.jpg,0,0.3644299,0,24.6279
IMG/center_2017_08_30_14_13_09_800.jpg,IMG/left_2017_08_30_14_13_09_800.jpg,IMG/right_2017_08_30_14_13_09_800.jpg,0,0.6246459,0,24.90693
IMG/center_2017_08_30_14_13_09_886.jpg,IMG/left_2017_08_30_14_13_09_886.jpg,IMG/right_2017_08_30_14_13_09_886.jpg,0,0.7080618,0,25.42769
IMG/center_2017_08_30_14_13_09_972.jpg,IMG/left_2017_08_30_14_13_09_972.jpg,IMG/right_2017_08_30_14_13_09_972.jpg,-0.15,0.4511959,0,25.84156
IMG/center_2017_08_30_14_13_10_061.jpg,IMG/left_2017_08_30_14_13_10_061.jpg,IMG/right_2017_08_30_14_13_10_061.jpg,-0.35,0.1834614,0,25.8828
IMG/center_2017_08_30_14_13_10_145.jpg,IMG/left_2017_08_30_14_13_10_145.jpg,IMG/right_2017_08_30_14_13_10_145.jpg,-0.1930748,0,0,25.69835
IMG/center_2017_08_30_14_13_10_228.jpg,IMG/left_2017_08_30_14_13_10_228.jpg,IMG/right_2017_08_30_14_13_10_228.jpg,0,0,0,25.49206
IMG/center_2017_08_30_14_13_10_318.jpg,IMG/left_2017_08_30_14_13_10_318.jpg,IMG/right_2017_08_30_14_13_10_318.jpg,0,0,0,25.23125
IMG/center_2017_08_30_14_13_10_385.jpg,IMG/left_2017_08_30_14_13_10_385.jpg,IMG/right_2017_08_30_14_13_10_385.jpg,0,0,0,25.07815
IMG/center_2017_08_30_14_13_10_453.jpg,IMG/left_2017_08_30_14_13_10_453.jpg,IMG/right_2017_08_30_14_13_10_453.jpg,0,0,0,24.8763
IMG/center_2017_08_30_14_13_10_525.jpg,IMG/left_2017_08_30_14_13_10_525.jpg,IMG/right_2017_08_30_14_13_10_525.jpg,-0.15,0,0,24.71927
IMG/center_2017_08_30_14_13_10_592.jpg,IMG/left_2017_08_30_14_13_10_592.jpg,IMG/right_2017_08_30_14_13_10_592.jpg,-0.35,0,0,24.45991
IMG/center_2017_08_30_14_13_10_685.jpg,IMG/left_2017_08_30_14_13_10_685.jpg,IMG/right_2017_08_30_14_13_10_685.jpg,-0.3595371,0,0,24.16891
IMG/center_2017_08_30_14_13_10_772.jpg,IMG/left_2017_08_30_14_13_10_772.jpg,IMG/right_2017_08_30_14_13_10_772.jpg,-0.09844927,0,0,23.92894
IMG/center_2017_08_30_14_13_10_856.jpg,IMG/left_2017_08_30_14_13_10_856.jpg,IMG/right_2017_08_30_14_13_10_856.jpg,0,0.2545601,0,23.84686
IMG/center_2017_08_30_14_13_10_939.jpg,IMG/left_2017_08_30_14_13_10_939.jpg,IMG/right_2017_08_30_14_13_10_939.jpg,0,0.3396367,0,24.02203
IMG/center_2017_08_30_14_13_11_021.jpg,IMG/left_2017_08_30_14_13_11_021.jpg,IMG/right_2017_08_30_14_13_11_021.jpg,0,0.09354631,0,24.04084
IMG/center_2017_08_30_14_13_11_106.jpg,IMG/left_2017_08_30_14_13_11_106.jpg,IMG/right_2017_08_30_14_13_11_106.jpg,0,0,0,23.85594
IMG/center_2017_08_30_14_13_11_197.jpg,IMG/left_2017_08_30_14_13_11_197.jpg,IMG/right_2017_08_30_14_13_11_197.jpg,0,0,0,23.61743
IMG/center_2017_08_30_14_13_11_287.jpg,IMG/left_2017_08_30_14_13_11_287.jpg,IMG/right_2017_08_30_14_13_11_287.jpg,0,0,0,23.42743
IMG/center_2017_08_30_14_13_11_381.jpg,IMG/left_2017_08_30_14_13_11_381.jpg,IMG/right_2017_08_30_14_13_11_381.jpg,0,0.1882649,0,23.28113
IMG/center_2017_08_30_14_13_11_451.jpg,IMG/left_2017_08_30_14_13_11_451.jpg,IMG/right_2017_08_30_14_13_11_451.jpg,0,0.3998696,0,23.41386
IMG/center_2017_08_30_14_13_11_548.jpg,IMG/left_2017_08_30_14_13_11_548.jpg,IMG/right_2017_08_30_14_13_11_548.jpg,-0.15,0.5018117,0,23.73722
IMG/center_2017_08_30_14_13_11_644.jpg,IMG/left_2017_08_30_14_13_11_644.jpg,IMG/right_2017_08_30_14_13_11_644.jpg,-0.4,0.2150478,0,23.83814
IMG/center_2017_08_30_14_13_11_725.jpg,IMG/left_2017_08_30_14_13_11_725.jpg,IMG/right_2017_08_30_14_13_11_725.jpg,-0.2359316,0,0,23.69806
IMG/center_2017_08_30_14_13_11_804.jpg,IMG/left_2017_08_30_14_13_11_804.jpg,IMG/right_2017_08_30_14_13_11_804.jpg,0,0,0,23.50594
IMG/center_2017_08_30_14_13_11_886.jpg,IMG/left_2017_08_30_14_13_11_886.jpg,IMG/right_2017_08_30_14_13_11_886.jpg,0,0,0,23.30871
IMG/center_2017_08_30_14_13_11_976.jpg,IMG/left_2017_08_30_14_13_11_976.jpg,IMG/right_2017_08_30_14_13_11_976.jpg,0,0.1785926,0,23.15716
IMG/center_2017_08_30_14_13_12_358.jpg,IMG/left_2017_08_30_14_13_12_358.jpg,IMG/right_2017_08_30_14_13_12_358.jpg,0,0,0,22.44309
IMG/center_2017_08_30_14_13_12_453.jpg,IMG/left_2017_08_30_14_13_12_453.jpg,IMG/right_2017_08_30_14_13_12_453.jpg,0,0.3064421,0,22.4817
IMG/center_2017_08_30_14_13_12_524.jpg,IMG/left_2017_08_30_14_13_12_524.jpg,IMG/right_2017_08_30_14_13_12_524.jpg,0,0.09207262,0,22.47343
IMG/center_2017_08_30_14_13_12_624.jpg,IMG/left_2017_08_30_14_13_12_624.jpg,IMG/right_2017_08_30_14_13_12_624.jpg,0,0,0,22.26161
IMG/center_2017_08_30_14_13_12_716.jpg,IMG/left_2017_08_30_14_13_12_716.jpg,IMG/right_2017_08_30_14_13_12_716.jpg,0,0,0,22.03105
IMG/center_2017_08_30_14_13_12_798.jpg,IMG/left_2017_08_30_14_13_12_798.jpg,IMG/right_2017_08_30_14_13_12_798.jpg,0,0,0,21.85476
IMG/center_2017_08_30_14_13_12_886.jpg,IMG/left_2017_08_30_14_13_12_886.jpg,IMG/right_2017_08_30_14_13_12_886.jpg,0,0,0,21.67957
IMG/center_2017_08_30_14_13_12_970.jpg,IMG/left_2017_08_30_14_13_12_970.jpg,IMG/right_2017_08_30_14_13_12_970.jpg,0,0,0,21.50559
IMG/center_2017_08_30_14_13_13_064.jpg,IMG/left_2017_08_30_14_13_13_064.jpg,IMG/right_2017_08_30_14_13_13_064.jpg,-0.05,0,0,21.29084
IMG/center_2017_08_30_14_13_13_159.jpg,IMG/left_2017_08_30_14_13_13_159.jpg,IMG/right_2017_08_30_14_13_13_159.jpg,-0.1835094,0,0,21.04918
IMG/center_2017_08_30_14_13_13_229.jpg,IMG/left_2017_08_30_14_13_13_229.jpg,IMG/right_2017_08_30_14_13_13_229.jpg,0,0,0,20.92167
IMG/center_2017_08_30_14_13_13_303.jpg,IMG/left_2017_08_30_14_13_13_303.jpg,IMG/right_2017_08_30_14_13_13_303.jpg,0,0,0,20.75174
IMG/center_2017_08_30_14_13_13_378.jpg,IMG/left_2017_08_30_14_13_13_378.jpg,IMG/right_2017_08_30_14_13_13_378.jpg,0,0.1133536,0,20.63709
IMG/center_2017_08_30_14_13_13_460.jpg,IMG/left_2017_08_30_14_13_13_460.jpg,IMG/right_2017_08_30_14_13_13_460.jpg,0,0.3592892,0,20.75981
IMG/center_2017_08_30_14_13_13_538.jpg,IMG/left_2017_08_30_14_13_13_538.jpg,IMG/right_2017_08_30_14_13_13_538.jpg,0,0.3492593,0,21.00053
IMG/center_2017_08_30_14_13_13_609.jpg,IMG/left_2017_08_30_14_13_13_609.jpg,IMG/right_2017_08_30_14_13_13_609.jpg,0,0.1353884,0,20.95089
IMG/center_2017_08_30_14_13_13_682.jpg,IMG/left_2017_08_30_14_13_13_682.jpg,IMG/right_2017_08_30_14_13_13_682.jpg,-0.1,0,0,20.71423
IMG/center_2017_08_30_14_13_13_754.jpg,IMG/left_2017_08_30_14_13_13_754.jpg,IMG/right_2017_08_30_14_13_13_754.jpg,-0.3,0,0,20.47266
IMG/center_2017_08_30_14_13_13_825.jpg,IMG/left_2017_08_30_14_13_13_825.jpg,IMG/right_2017_08_30_14_13_13_825.jpg,-0.45,0,0,20.56809
IMG/center_2017_08_30_14_13_13_897.jpg,IMG/left_2017_08_30_14_13_13_897.jpg,IMG/right_2017_08_30_14_13_13_897.jpg,-0.3141035,0,0,20.38311
IMG/center_2017_08_30_14_13_13_965.jpg,IMG/left_2017_08_30_14_13_13_965.jpg,IMG/right_2017_08_30_14_13_13_965.jpg,-0.1091852,0,0,19.94102
IMG/center_2017_08_30_14_13_14_065.jpg,IMG/left_2017_08_30_14_13_14_065.jpg,IMG/right_2017_08_30_14_13_14_065.jpg,0,0,0,20.06033
IMG/center_2017_08_30_14_13_14_134.jpg,IMG/left_2017_08_30_14_13_14_134.jpg,IMG/right_2017_08_30_14_13_14_134.jpg,0,0,0,19.90549
IMG/center_2017_08_30_14_13_14_203.jpg,IMG/left_2017_08_30_14_13_14_203.jpg,IMG/right_2017_08_30_14_13_14_203.jpg,-0.1,0,0,19.40462
IMG/center_2017_08_30_14_13_14_271.jpg,IMG/left_2017_08_30_14_13_14_271.jpg,IMG/right_2017_08_30_14_13_14_271.jpg,-0.3,0,0,19.21325
IMG/center_2017_08_30_14_13_14_340.jpg,IMG/left_2017_08_30_14_13_14_340.jpg,IMG/right_2017_08_30_14_13_14_340.jpg,-0.1079465,0,0,19.4904
IMG/center_2017_08_30_14_13_14_413.jpg,IMG/left_2017_08_30_14_13_14_413.jpg,IMG/right_2017_08_30_14_13_14_413.jpg,0,0,0,19.33904
IMG/center_2017_08_30_14_13_14_482.jpg,IMG/left_2017_08_30_14_13_14_482.jpg,IMG/right_2017_08_30_14_13_14_482.jpg,0,0,0,18.77595
IMG/center_2017_08_30_14_13_14_553.jpg,IMG/left_2017_08_30_14_13_14_553.jpg,IMG/right_2017_08_30_14_13_14_553.jpg,0,0,0,18.6125
IMG/center_2017_08_30_14_13_14_623.jpg,IMG/left_2017_08_30_14_13_14_623.jpg,IMG/right_2017_08_30_14_13_14_623.jpg,0,0,0,18.96945
IMG/center_2017_08_30_14_13_14_689.jpg,IMG/left_2017_08_30_14_13_14_689.jpg,IMG/right_2017_08_30_14_13_14_689.jpg,-0.05,0,0,18.3725
IMG/center_2017_08_30_14_13_14_789.jpg,IMG/left_2017_08_30_14_13_14_789.jpg,IMG/right_2017_08_30_14_13_14_789.jpg,-0.3,0,0,18.6203
IMG/center_2017_08_30_14_13_14_856.jpg,IMG/left_2017_08_30_14_13_14_856.jpg,IMG/right_2017_08_30_14_13_14_856.jpg,-0.3977065,0,0,18.41247
IMG/center_2017_08_30_14_13_14_955.jpg,IMG/left_2017_08_30_14_13_14_955.jpg,IMG/right_2017_08_30_14_13_14_955.jpg,-0.1030647,0,0,17.72865
IMG/center_2017_08_30_14_13_15_051.jpg,IMG/left_2017_08_30_14_13_15_051.jpg,IMG/right_2017_08_30_14_13_15_051.jpg,-0.1,0,0,18.04815
IMG/center_2017_08_30_14_13_15_145.jpg,IMG/left_2017_08_30_14_13_15_145.jpg,IMG/right_2017_08_30_14_13_15_145.jpg,-0.3,0,0,17.87561
IMG/center_2017_08_30_14_13_15_240.jpg,IMG/left_2017_08_30_14_13_15_240.jpg,IMG/right_2017_08_30_14_13_15_240.jpg,-0.4712437,0,0,17.10784
IMG/center_2017_08_30_14_13_15_344.jpg,IMG/left_2017_08_30_14_13_15_344.jpg,IMG/right_2017_08_30_14_13_15_344.jpg,-0.1857102,0,0,17.45416
IMG/center_2017_08_30_14_13_15_435.jpg,IMG/left_2017_08_30_14_13_15_435.jpg,IMG/right_2017_08_30_14_13_15_435.jpg,0,0.2030816,0,16.86319
IMG/center_2017_08_30_14_13_15_530.jpg,IMG/left_2017_08_30_14_13_15_530.jpg,IMG/right_2017_08_30_14_13_15_530.jpg,0,0.4900649,0,17.10966
IMG/center_2017_08_30_14_13_15_600.jpg,IMG/left_2017_08_30_14_13_15_600.jpg,IMG/right_2017_08_30_14_13_15_600.jpg,0,0.6976108,0,17.65633
IMG/center_2017_08_30_14_13_15_692.jpg,IMG/left_2017_08_30_14_13_15_692.jpg,IMG/right_2017_08_30_14_13_15_692.jpg,0,0.9765714,0,18.78275
IMG/center_2017_08_30_14_13_15_775.jpg,IMG/left_2017_08_30_14_13_15_775.jpg,IMG/right_2017_08_30_14_13_15_775.jpg,0,0.7304552,0,19.42994
IMG/center_2017_08_30_14_13_15_868.jpg,IMG/left_2017_08_30_14_13_15_868.jpg,IMG/right_2017_08_30_14_13_15_868.jpg,0,0.8228689,0,19.95343
IMG/center_2017_08_30_14_13_15_959.jpg,IMG/left_2017_08_30_14_13_15_959.jpg,IMG/right_2017_08_30_14_13_15_959.jpg,0,1,0,20.78216
IMG/center_2017_08_30_14_13_16_054.jpg,IMG/left_2017_08_30_14_13_16_054.jpg,IMG/right_2017_08_30_14_13_16_054.jpg,0,1,0,21.86406
IMG/center_2017_08_30_14_13_16_145.jpg,IMG/left_2017_08_30_14_13_16_145.jpg,IMG/right_2017_08_30_14_13_16_145.jpg,0,1,0,22.64371
IMG/center_2017_08_30_14_13_16_236.jpg,IMG/left_2017_08_30_14_13_16_236.jpg,IMG/right_2017_08_30_14_13_16_236.jpg,0,1,0,23.60477
IMG/center_2017_08_30_14_13_16_326.jpg,IMG/left_2017_08_30_14_13_16_326.jpg,IMG/right_2017_08_30_14_13_16_326.jpg,0,1,0,24.38575
IMG/center_2017_08_30_14_13_16_419.jpg,IMG/left_2017_08_30_14_13_16_419.jpg,IMG/right_2017_08_30_14_13_16_419.jpg,0,1,0,25.35059
IMG/center_2017_08_30_14_13_16_509.jpg,IMG/left_2017_08_30_14_13_16_509.jpg,IMG/right_2017_08_30_14_13_16_509.jpg,0,1,0,26.11382
IMG/center_2017_08_30_14_13_16_599.jpg,IMG/left_2017_08_30_14_13_16_599.jpg,IMG/right_2017_08_30_14_13_16_599.jpg,0,0.8169514,0,26.97669
IMG/center_2017_08_30_14_13_16_686.jpg,IMG/left_2017_08_30_14_13_16_686.jpg,IMG/right_2017_08_30_14_13_16_686.jpg,0,0.5544535,0,27.43132
IMG/center_2017_08_30_14_13_16_776.jpg,IMG/left_2017_08_30_14_13_16_776.jpg,IMG/right_2017_08_30_14_13_16_776.jpg,0,0.2861882,0,27.64173
IMG/center_2017_08_30_14_13_16_866.jpg,IMG/left_2017_08_30_14_13_16_866.jpg,IMG/right_2017_08_30_14_13_16_866.jpg,0,0.01389447,0,27.57508
IMG/center_2017_08_30_14_13_16_955.jpg,IMG/left_2017_08_30_14_13_16_955.jpg,IMG/right_2017_08_30_14_13_16_955.jpg,0,0,0,27.29334
IMG/center_2017_08_30_14_13_17_045.jpg,IMG/left_2017_08_30_14_13_17_045.jpg,IMG/right_2017_08_30_14_13_17_045.jpg,-0.15,0,0,27.06527
IMG/center_2017_08_30_14_13_17_134.jpg,IMG/left_2017_08_30_14_13_17_134.jpg,IMG/right_2017_08_30_14_13_17_134.jpg,-0.4,0,0,26.69694
IMG/center_2017_08_30_14_13_17_223.jpg,IMG/left_2017_08_30_14_13_17_223.jpg,IMG/right_2017_08_30_14_13_17_223.jpg,-0.174391,0,0,26.45573
IMG/center_2017_08_30_14_13_17_314.jpg,IMG/left_2017_08_30_14_13_17_314.jpg,IMG/right_2017_08_30_14_13_17_314.jpg,0,0.09130494,0,26.21824
IMG/center_2017_08_30_14_13_17_403.jpg,IMG/left_2017_08_30_14_13_17_403.jpg,IMG/right_2017_08_30_14_13_17_403.jpg,0,0.3590606,0,26.20793
IMG/center_2017_08_30_14_13_17_494.jpg,IMG/left_2017_08_30_14_13_17_494.jpg,IMG/right_2017_08_30_14_13_17_494.jpg,0,0.2691224,0,26.39993
IMG/center_2017_08_30_14_13_17_584.jpg,IMG/left_2017_08_30_14_13_17_584.jpg,IMG/right_2017_08_30_14_13_17_584.jpg,0,0,0,26.32805
IMG/center_2017_08_30_14_13_17_673.jpg,IMG/left_2017_08_30_14_13_17_673.jpg,IMG/right_2017_08_30_14_13_17_673.jpg,0,0,0,26.05538
IMG/center_2017_08_30_14_13_17_759.jpg,IMG/left_2017_08_30_14_13_17_759.jpg,IMG/right_2017_08_30_14_13_17_759.jpg,0,0.08886451,0,25.87935
IMG/center_2017_08_30_14_13_17_848.jpg,IMG/left_2017_08_30_14_13_17_848.jpg,IMG/right_2017_08_30_14_13_17_848.jpg,0,0.3562737,0,25.87663
IMG/center_2017_08_30_14_13_17_937.jpg,IMG/left_2017_08_30_14_13_17_937.jpg,IMG/right_2017_08_30_14_13_17_937.jpg,0,0.623176,0,26.23224
IMG/center_2017_08_30_14_13_18_027.jpg,IMG/left_2017_08_30_14_13_18_027.jpg,IMG/right_2017_08_30_14_13_18_027.jpg,0,0.5410429,0,26.6555
IMG/center_2017_08_30_14_13_18_118.jpg,IMG/left_2017_08_30_14_13_18_118.jpg,IMG/right_2017_08_30_14_13_18_118.jpg,0,0.4473713,0,26.91771
IMG/center_2017_08_30_14_13_18_206.jpg,IMG/left_2017_08_30_14_13_18_206.jpg,IMG/right_2017_08_30_14_13_18_206.jpg,0,0.7137012,0,27.25144
IMG/center_2017_08_30_14_13_18_295.jpg,IMG/left_2017_08_30_14_13_18_295.jpg,IMG/right_2017_08_30_14_13_18_295.jpg,0,0.8014635,0,27.95704
IMG/center_2017_08_30_14_13_18_384.jpg,IMG/left_2017_08_30_14_13_18_384.jpg,IMG/right_2017_08_30_14_13_18_384.jpg,-0.15,0.5336083,0,28.38455
IMG/center_2017_08_30_14_13_18_471.jpg,IMG/left_2017_08_30_14_13_18_471.jpg,IMG/right_2017_08_30_14_13_18_471.jpg,-0.4,0.2728531,0,28.46969
IMG/center_2017_08_30_14_13_18_561.jpg,IMG/left_2017_08_30_14_13_18_561.jpg,IMG/right_2017_08_30_14_13_18_561.jpg,-0.170276,0.003328882,0,28.35773
IMG/center_2017_08_30_14_13_18_651.jpg,IMG/left_2017_08_30_14_13_18_651.jpg,IMG/right_2017_08_30_14_13_18_651.jpg,0,0,0,28.06191
IMG/center_2017_08_30_14_13_18_737.jpg,IMG/left_2017_08_30_14_13_18_737.jpg,IMG/right_2017_08_30_14_13_18_737.jpg,0,0,0,27.83351
IMG/center_2017_08_30_14_13_18_827.jpg,IMG/left_2017_08_30_14_13_18_827.jpg,IMG/right_2017_08_30_14_13_18_827.jpg,0,0,0,27.60911
IMG/center_2017_08_30_14_13_18_917.jpg,IMG/left_2017_08_30_14_13_18_917.jpg,IMG/right_2017_08_30_14_13_18_917.jpg,0,0.1820145,0,27.41389
IMG/center_2017_08_30_14_13_19_004.jpg,IMG/left_2017_08_30_14_13_19_004.jpg,IMG/right_2017_08_30_14_13_19_004.jpg,0,0.4425143,0,27.48659
IMG/center_2017_08_30_14_13_19_094.jpg,IMG/left_2017_08_30_14_13_19_094.jpg,IMG/right_2017_08_30_14_13_19_094.jpg,0,0.7112313,0,27.93275
IMG/center_2017_08_30_14_13_19_183.jpg,IMG/left_2017_08_30_14_13_19_183.jpg,IMG/right_2017_08_30_14_13_19_183.jpg,0,0.9814652,0,28.51911
IMG/center_2017_08_30_14_13_19_273.jpg,IMG/left_2017_08_30_14_13_19_273.jpg,IMG/right_2017_08_30_14_13_19_273.jpg,0,1,0,29.44379
IMG/center_2017_08_30_14_13_19_364.jpg,IMG/left_2017_08_30_14_13_19_364.jpg,IMG/right_2017_08_30_14_13_19_364.jpg,0,1,0,30.17425
IMG/center_2017_08_30_14_13_19_455.jpg,IMG/left_2017_08_30_14_13_19_455.jpg,IMG/right_2017_08_30_14_13_19_455.jpg,0,1,0,30.19032
IMG/center_2017_08_30_14_13_19_545.jpg,IMG/left_2017_08_30_14_13_19_545.jpg,IMG/right_2017_08_30_14_13_19_545.jpg,0,1,0,30.19028
IMG/center_2017_08_30_14_13_19_639.jpg,IMG/left_2017_08_30_14_13_19_639.jpg,IMG/right_2017_08_30_14_13_19_639.jpg,0,1,0,30.19029
IMG/center_2017_08_30_14_13_19_733.jpg,IMG/left_2017_08_30_14_13_19_733.jpg,IMG/right_2017_08_30_14_13_19_733.jpg,0,0.8131166,0,30.13854
IMG/center_2017_08_30_14_13_19_824.jpg,IMG/left_2017_08_30_14_13_19_824.jpg,IMG/right_2017_08_30_14_13_19_824.jpg,0,0.5382609,0,30.09886
IMG/center_2017_08_30_14_13_19_919.jpg,IMG/left_2017_08_30_14_13_19_919.jpg,IMG/right_2017_08_30_14_13_19_919.jpg,-0.25,0.2557078,0,29.98182
IMG/center_2017_08_30_14_13_20_009.jpg,IMG/left_2017_08_30_14_13_20_009.jpg,IMG/right_2017_08_30_14_13_20_009.jpg,-0.3681081,0,0,29.77072
IMG/center_2017_08_30_14_13_20_099.jpg,IMG/left_2017_08_30_14_13_20_099.jpg,IMG/right_2017_08_30_14_13_20_099.jpg,-0.1004851,0,0,29.45565
IMG/center_2017_08_30_14_13_20_187.jpg,IMG/left_2017_08_30_14_13_20_187.jpg,IMG/right_2017_08_30_14_13_20_187.jpg,0,0,0,29.21153
IMG/center_2017_08_30_14_13_20_278.jpg,IMG/left_2017_08_30_14_13_20_278.jpg,IMG/right_2017_08_30_14_13_20_278.jpg,0,0,0,28.91599
IMG/center_2017_08_30_14_13_20_369.jpg,IMG/left_2017_08_30_14_13_20_369.jpg,IMG/right_2017_08_30_14_13_20_369.jpg,0,0,0,28.68319
IMG/center_2017_08_30_14_13_20_459.jpg,IMG/left_2017_08_30_14_13_20_459.jpg,IMG/right_2017_08_30_14_13_20_459.jpg,0,0.1830707,0,28.47663
IMG/center_2017_08_30_14_13_20_547.jpg,IMG/left_2017_08_30_14_13_20_547.jpg,IMG/right_2017_08_30_14_13_20_547.jpg,0,0.4511609,0,28.5456
IMG/center_2017_08_30_14_13_20_641.jpg,IMG/left_2017_08_30_14_13_20_641.jpg,IMG/right_2017_08_30_14_13_20_641.jpg,0,0.5427902,0,28.92628
IMG/center_2017_08_30_14_13_20_725.jpg,IMG/left_2017_08_30_14_13_20_725.jpg,IMG/right_2017_08_30_14_13_20_725.jpg,0,0.2885638,0,29.11172
IMG/center_2017_08_30_14_13_20_815.jpg,IMG/left_2017_08_30_14_13_20_815.jpg,IMG/right_2017_08_30_14_13_20_815.jpg,0,0.01866351,0,28.98995
IMG/center_2017_08_30_14_13_20_904.jpg,IMG/left_2017_08_30_14_13_20_904.jpg,IMG/right_2017_08_30_14_13_20_904.jpg,0,0.2870542,0,28.89399
IMG/center_2017_08_30_14_13_20_993.jpg,IMG/left_2017_08_30_14_13_20_993.jpg,IMG/right_2017_08_30_14_13_20_993.jpg,0,0.5533095,0,29.13129
IMG/center_2017_08_30_14_13_21_082.jpg,IMG/left_2017_08_30_14_13_21_082.jpg,IMG/right_2017_08_30_14_13_21_082.jpg,0,0.8222476,0,29.55199
IMG/center_2017_08_30_14_13_21_171.jpg,IMG/left_2017_08_30_14_13_21_171.jpg,IMG/right_2017_08_30_14_13_21_171.jpg,0,1,0,30.19008
IMG/center_2017_08_30_14_13_21_259.jpg,IMG/left_2017_08_30_14_13_21_259.jpg,IMG/right_2017_08_30_14_13_21_259.jpg,0,1,0,30.19029
IMG/center_2017_08_30_14_13_21_347.jpg,IMG/left_2017_08_30_14_13_21_347.jpg,IMG/right_2017_08_30_14_13_21_347.jpg,0,1,0,30.19029
IMG/center_2017_08_30_14_13_21_435.jpg,IMG/left_2017_08_30_14_13_21_435.jpg,IMG/right_2017_08_30_14_13_21_435.jpg,0,1,0,30.19031
IMG/center_2017_08_30_14_13_21_522.jpg,IMG/left_2017_08_30_14_13_21_522.jpg,IMG/right_2017_08_30_14_13_21_522.jpg,0,1,0,30.19031
IMG/center_2017_08_30_14_13_21_611.jpg,IMG/left_2017_08_30_14_13_21_611.jpg,IMG/right_2017_08_30_14_13_21_611.jpg,0,1,0,30.19034
IMG/center_2017_08_30_14_13_21_699.jpg,IMG/left_2017_08_30_14_13_21_699.jpg,IMG/right_2017_08_30_14_13_21_699.jpg,0,0.9121197,0,30.1621
IMG/center_2017_08_30_14_13_21_785.jpg,IMG/left_2017_08_30_14_13_21_785.jpg,IMG/right_2017_08_30_14_13_21_785.jpg,0,0.6513084,0,30.12624
IMG/center_2017_08_30_14_13_21_873.jpg,IMG/left_2017_08_30_14_13_21_873.jpg,IMG/right_2017_08_30_14_13_21_873.jpg,-0.25,0.3901496,0,30.01614
IMG/center_2017_08_30_14_13_21_960.jpg,IMG/left_2017_08_30_14_13_21_960.jpg,IMG/right_2017_08_30_14_13_21_960.jpg,-0.1872981,0.1281899,0,29.95278
IMG/center_2017_08_30_14_13_22_049.jpg,IMG/left_2017_08_30_14_13_22_049.jpg,IMG/right_2017_08_30_14_13_22_049.jpg,0,0,0,29.73616
IMG/center_2017_08_30_14_13_22_138.jpg,IMG/left_2017_08_30_14_13_22_138.jpg,IMG/right_2017_08_30_14_13_22_138.jpg,0,0,0,29.4349
IMG/center_2017_08_30_14_13_22_225.jpg,IMG/left_2017_08_30_14_13_22_225.jpg,IMG/right_2017_08_30_14_13_22_225.jpg,0,0,0,29.19786
IMG/center_2017_08_30_14_13_22_313.jpg,IMG/left_2017_08_30_14_13_22_313.jpg,IMG/right_2017_08_30_14_13_22_313.jpg,0,0,0,28.9046
IMG/center_2017_08_30_14_13_22_402.jpg,IMG/left_2017_08_30_14_13_22_402.jpg,IMG/right_2017_08_30_14_13_22_402.jpg,0,0,0,28.67217
IMG/center_2017_08_30_14_13_22_491.jpg,IMG/left_2017_08_30_14_13_22_491.jpg,IMG/right_2017_08_30_14_13_22_491.jpg,0,0.2656553,0,28.55791
IMG/center_2017_08_30_14_13_22_576.jpg,IMG/left_2017_08_30_14_13_22_576.jpg,IMG/right_2017_08_30_14_13_22_576.jpg,0,0.5210476,0,28.72981
IMG/center_2017_08_30_14_13_22_662.jpg,IMG/left_2017_08_30_14_13_22_662.jpg,IMG/right_2017_08_30_14_13_22_662.jpg,0,0.7821253,0,29.12151
IMG/center_2017_08_30_14_13_22_748.jpg,IMG/left_2017_08_30_14_13_22_748.jpg,IMG/right_2017_08_30_14_13_22_748.jpg,0,0.5255312,0,29.54992
IMG/center_2017_08_30_14_13_22_837.jpg,IMG/left_2017_08_30_14_13_22_837.jpg,IMG/right_2017_08_30_14_13_22_837.jpg,0,0.615404,0,29.87543
IMG/center_2017_08_30_14_13_22_924.jpg,IMG/left_2017_08_30_14_13_22_924.jpg,IMG/right_2017_08_30_14_13_22_924.jpg,0,0.8782088,0,30.13598
IMG/center_2017_08_30_14_13_23_013.jpg,IMG/left_2017_08_30_14_13_23_013.jpg,IMG/right_2017_08_30_14_13_23_013.jpg,0,1,0,30.18938
IMG/center_2017_08_30_14_13_23_099.jpg,IMG/left_2017_08_30_14_13_23_099.jpg,IMG/right_2017_08_30_14_13_23_099.jpg,0,1,0,30.19028
IMG/center_2017_08_30_14_13_23_188.jpg,IMG/left_2017_08_30_14_13_23_188.jpg,IMG/right_2017_08_30_14_13_23_188.jpg,0,1,0,30.19029
IMG/center_2017_08_30_14_13_23_275.jpg,IMG/left_2017_08_30_14_13_23_275.jpg,IMG/right_2017_08_30_14_13_23_275.jpg,0,1,0,30.1903
IMG/center_2017_08_30_14_13_23_364.jpg,IMG/left_2017_08_30_14_13_23_364.jpg,IMG/right_2017_08_30_14_13_23_364.jpg,0,1,0,30.1903
IMG/center_2017_08_30_14_13_23_453.jpg,IMG/left_2017_08_30_14_13_23_453.jpg,IMG/right_2017_08_30_14_13_23_453.jpg,0,1,0,30.19028
IMG/center_2017_08_30_14_13_23_539.jpg,IMG/left_2017_08_30_14_13_23_539.jpg,IMG/right_2017_08_30_14_13_23_539.jpg,0,1,0,30.1903
IMG/center_2017_08_30_14_13_23_626.jpg,IMG/left_2017_08_30_14_13_23_626.jpg,IMG/right_2017_08_30_14_13_23_626.jpg,-0.05,0.7389564,0,30.14432
IMG/center_2017_08_30_14_13_23_714.jpg,IMG/left_2017_08_30_14_13_23_714.jpg,IMG/right_2017_08_30_14_13_23_714.jpg,-0.3,0.478392,0,30.03387
IMG/center_2017_08_30_14_13_23_803.jpg,IMG/left_2017_08_30_14_13_23_803.jpg,IMG/right_2017_08_30_14_13_23_803.jpg,-0.2418695,0.209112,0,30.00215
IMG/center_2017_08_30_14_13_23_888.jpg,IMG/left_2017_08_30_14_13_23_888.jpg,IMG/right_2017_08_30_14_13_23_888.jpg,0,0,0,29.8442
IMG/center_2017_08_30_14_13_23_977.jpg,IMG/left_2017_08_30_14_13_23_977.jpg,IMG/right_2017_08_30_14_13_23_977.jpg,0,0,0,29.53566
IMG/center_2017_08_30_14_13_24_062.jpg,IMG/left_2017_08_30_14_13_24_062.jpg,IMG/right_2017_08_30_14_13_24_062.jpg,0,0,0,29.29748
IMG/center_2017_08_30_14_13_24_148.jpg,IMG/left_2017_08_30_14_13_24_148.jpg,IMG/right_2017_08_30_14_13_24_148.jpg,0,0,0,29.06175
IMG/center_2017_08_30_14_13_24_238.jpg,IMG/left_2017_08_30_14_13_24_238.jpg,IMG/right_2017_08_30_14_13_24_238.jpg,0,0,0,28.76989
IMG/center_2017_08_30_14_13_24_323.jpg,IMG/left_2017_08_30_14_13_24_323.jpg,IMG/right_2017_08_30_14_13_24_323.jpg,0,0,0,28.53855
IMG/center_2017_08_30_14_13_24_412.jpg,IMG/left_2017_08_30_14_13_24_412.jpg,IMG/right_2017_08_30_14_13_24_412.jpg,0,0,0,28.25199
IMG/center_2017_08_30_14_13_24_499.jpg,IMG/left_2017_08_30_14_13_24_499.jpg,IMG/right_2017_08_30_14_13_24_499.jpg,0,0,0,28.02481
IMG/center_2017_08_30_14_13_24_588.jpg,IMG/left_2017_08_30_14_13_24_588.jpg,IMG/right_2017_08_30_14_13_24_588.jpg,0,0.09124964,0,27.79948
IMG/center_2017_08_30_14_13_24_674.jpg,IMG/left_2017_08_30_14_13_24_674.jpg,IMG/right_2017_08_30_14_13_24_674.jpg,0,0.1715782,0,27.74011
IMG/center_2017_08_30_14_13_24_760.jpg,IMG/left_2017_08_30_14_13_24_760.jpg,IMG/right_2017_08_30_14_13_24_760.jpg,0,0,0,27.57197
IMG/center_2017_08_30_14_13_24_847.jpg,IMG/left_2017_08_30_14_13_24_847.jpg,IMG/right_2017_08_30_14_13_24_847.jpg,0,0,0,27.35017
IMG/center_2017_08_30_14_13_24_936.jpg,IMG/left_2017_08_30_14_13_24_936.jpg,IMG/right_2017_08_30_14_13_24_936.jpg,0,0,0,27.07554
IMG/center_2017_08_30_14_13_25_022.jpg,IMG/left_2017_08_30_14_13_25_022.jpg,IMG/right_2017_08_30_14_13_25_022.jpg,0,0,0,26.85783
IMG/center_2017_08_30_14_13_25_111.jpg,IMG/left_2017_08_30_14_13_25_111.jpg,IMG/right_2017_08_30_14_13_25_111.jpg,0,0,0,26.58816
IMG/center_2017_08_30_14_13_25_198.jpg,IMG/left_2017_08_30_14_13_25_198.jpg,IMG/right_2017_08_30_14_13_25_198.jpg,0,0,0,26.37437
IMG/center_2017_08_30_14_13_25_285.jpg,IMG/left_2017_08_30_14_13_25_285.jpg,IMG/right_2017_08_30_14_13_25_285.jpg,0,0,0,26.1623
IMG/center_2017_08_30_14_13_25_372.jpg,IMG/left_2017_08_30_14_13_25_372.jpg,IMG/right_2017_08_30_14_13_25_372.jpg,0,0,0,25.89961
IMG/center_2017_08_30_14_13_25_463.jpg,IMG/left_2017_08_30_14_13_25_463.jpg,IMG/right_2017_08_30_14_13_25_463.jpg,0,0,0,25.69136
IMG/center_2017_08_30_14_13_25_549.jpg,IMG/left_2017_08_30_14_13_25_549.jpg,IMG/right_2017_08_30_14_13_25_549.jpg,0,0,0,25.48479
IMG/center_2017_08_30_14_13_25_639.jpg,IMG/left_2017_08_30_14_13_25_639.jpg,IMG/right_2017_08_30_14_13_25_639.jpg,0,0,0,25.22891
IMG/center_2017_08_30_14_13_25_727.jpg,IMG/left_2017_08_30_14_13_25_727.jpg,IMG/right_2017_08_30_14_13_25_727.jpg,0,0,0,25.02605
IMG/center_2017_08_30_14_13_25_813.jpg,IMG/left_2017_08_30_14_13_25_813.jpg,IMG/right_2017_08_30_14_13_25_813.jpg,0,0,0,24.77478
IMG/center_2017_08_30_14_13_25_902.jpg,IMG/left_2017_08_30_14_13_25_902.jpg,IMG/right_2017_08_30_14_13_25_902.jpg,0,0,0,24.57558
IMG/center_2017_08_30_14_13_25_991.jpg,IMG/left_2017_08_30_14_13_25_991.jpg,IMG/right_2017_08_30_14_13_25_991.jpg,0,0,0,24.32883
IMG/center_2017_08_30_14_13_26_085.jpg,IMG/left_2017_08_30_14_13_26_085.jpg,IMG/right_2017_08_30_14_13_26_085.jpg,0,0,0,24.13323
IMG/center_2017_08_30_14_13_26_176.jpg,IMG/left_2017_08_30_14_13_26_176.jpg,IMG/right_2017_08_30_14_13_26_176.jpg,0,0,0,23.89092
IMG/center_2017_08_30_14_13_26_268.jpg,IMG/left_2017_08_30_14_13_26_268.jpg,IMG/right_2017_08_30_14_13_26_268.jpg,0,0,0,23.69883
IMG/center_2017_08_30_14_13_26_361.jpg,IMG/left_2017_08_30_14_13_26_361.jpg,IMG/right_2017_08_30_14_13_26_361.jpg,0,0,0,23.46089
IMG/center_2017_08_30_14_13_26_450.jpg,IMG/left_2017_08_30_14_13_26_450.jpg,IMG/right_2017_08_30_14_13_26_450.jpg,0,0,0,23.27226
IMG/center_2017_08_30_14_13_26_542.jpg,IMG/left_2017_08_30_14_13_26_542.jpg,IMG/right_2017_08_30_14_13_26_542.jpg,0,0,0,23.03861
IMG/center_2017_08_30_14_13_26_633.jpg,IMG/left_2017_08_30_14_13_26_633.jpg,IMG/right_2017_08_30_14_13_26_633.jpg,0,0,0,22.80729
IMG/center_2017_08_30_14_13_26_721.jpg,IMG/left_2017_08_30_14_13_26_721.jpg,IMG/right_2017_08_30_14_13_26_721.jpg,0,0,0,22.62392
IMG/center_2017_08_30_14_13_26_808.jpg,IMG/left_2017_08_30_14_13_26_808.jpg,IMG/right_2017_08_30_14_13_26_808.jpg,0,0,0,22.44202
IMG/center_2017_08_30_14_13_26_896.jpg,IMG/left_2017_08_30_14_13_26_896.jpg,IMG/right_2017_08_30_14_13_26_896.jpg,0,0,0,22.21671
IMG/center_2017_08_30_14_13_26_983.jpg,IMG/left_2017_08_30_14_13_26_983.jpg,IMG/right_2017_08_30_14_13_26_983.jpg,0,0,0,22.03809
IMG/center_2017_08_30_14_13_27_072.jpg,IMG/left_2017_08_30_14_13_27_072.jpg,IMG/right_2017_08_30_14_13_27_072.jpg,0,0,0,21.81683
IMG/center_2017_08_30_14_13_27_162.jpg,IMG/left_2017_08_30_14_13_27_162.jpg,IMG/right_2017_08_30_14_13_27_162.jpg,0,0,0,21.64143
